tag,scheme,obs,fold,family,n,not_collapsed,rate,cp_lo,cp_hi,verdict,median_k,frac_k200,seconds
A1_uniform,uniform,zero,A-G1,N1_iid,2000,85,0.0425,0.03408607459315085,0.05228591324237417,PASS,102.0,0.003,17.7
A1_uniform,uniform,zero,A-G1,N2_ar0.9,2000,97,0.0485,0.03950340862922236,0.05884770515897626,PASS,105.0,0.004,40.8
A1_uniform,uniform,zero,A-G1,N3_ar0.99,2000,84,0.042,0.03363667911309392,0.05173707971848957,PASS,99.0,0.009,183.8
A1_uniform,uniform,zero,A-G1,N4_drift,2000,91,0.0455,0.03678927809881751,0.0555721910065792,PASS,108.0,0.0195,272.5
A1_uniform,uniform,zero,A-G1,N5_offsets,2000,86,0.043,0.034535804359735967,0.05283441782903165,PASS,113.0,0.1435,75.9
A1_uniform,uniform,zero,A-G1,N6_periodic,2000,109,0.0545,0.04496077079948501,0.06537003226128175,PASS,101.0,0.005,36.0
A1_uniform,uniform,zero,A-G1,N7_trend,2000,109,0.0545,0.04496077079948501,0.06537003226128175,PASS,100.0,0.008,50.6
A1_uniform,uniform,zero,A-G1,N8_composite,2000,101,0.0505,0.041318422481334625,0.06102586662800561,PASS,102.0,0.026,86.1
A1_uniform,uniform,zero,A-G1,N9_ties,2000,98,0.049,0.03995675692495896,0.059392645124689336,PASS,100.0,0.004,14.7
A1_uniform,uniform,zero,A-G4,N1_iid,2000,110,0.055,0.04541715292148978,0.06591197819998716,PASS,98.0,0.0065,9.8
A1_uniform,uniform,zero,A-G4,N2_ar0.9,2000,97,0.0485,0.03950340862922236,0.05884770515897626,PASS,101.5,0.0065,22.0
A1_uniform,uniform,zero,A-G4,N3_ar0.99,2000,83,0.0415,0.0331876236508509,0.05118791168352146,PASS,99.0,0.0055,91.2
A1_uniform,uniform,zero,A-G4,N4_drift,2000,94,0.047,0.03814504066418042,0.05721123196146302,PASS,98.0,0.009,138.6
A1_uniform,uniform,zero,A-G4,N5_offsets,2000,94,0.047,0.03814504066418042,0.05721123196146302,PASS,97.5,0.006,46.8
A1_uniform,uniform,zero,A-G4,N6_periodic,2000,115,0.0575,0.0477024773802507,0.06861833547127534,PASS,98.0,0.004,21.9
A1_uniform,uniform,zero,A-G4,N7_trend,2000,64,0.032,0.02472928537813548,0.040681319158607475,PASS,115.0,0.0105,27.4
A1_uniform,uniform,zero,A-G4,N8_composite,2000,87,0.0435,0.034985862846768585,0.053382598893372525,PASS,99.0,0.0045,47.7
A1_uniform,uniform,zero,A-G4,N9_ties,2000,111,0.0555,0.04587376649393303,0.0664536955313304,PASS,99.0,0.005,8.7
