mode,fold,family,n,false_pass,rate,cp_lo,cp_hi,verdict,median_k,frac_k200,seconds
primary,A-G1,N5_offsets,2000,114,0.057,0.04724496680126704,0.06807750437936282,PASS,117.0,0.147,79.2
primary,A-G1,N6_periodic,2000,177,0.0885,0.07641264910742733,0.10180884798708481,FAIL,106.0,0.013,36.7
primary,A-G1,N7_trend,2000,241,0.1205,0.10654675193036313,0.1355761113320629,FAIL,98.0,0.015,51.9
primary,A-G1,N8_composite,2000,219,0.1095,0.09614456964691373,0.12401193274290606,FAIL,103.0,0.0475,91.0
primary,A-G1,N9_ties,2000,110,0.055,0.04541715292148978,0.06591197819998716,PASS,101.0,0.0085,15.0
primary,A-G4,N5_offsets,2000,104,0.052,0.04268243979733736,0.06265676793370871,PASS,96.0,0.011,48.7
primary,A-G4,N6_periodic,2000,162,0.081,0.06941367896923428,0.09383137153751409,INDETERMINATE,98.0,0.008,22.7
primary,A-G4,N7_trend,2000,146,0.073,0.0619817587188323,0.08528869147402071,INDETERMINATE,121.0,0.055,29.4
primary,A-G4,N8_composite,2000,139,0.0695,0.058742502233311615,0.08153916953733031,INDETERMINATE,97.0,0.0195,49.8
primary,A-G4,N9_ties,2000,109,0.0545,0.04496077079948501,0.06537003226128175,PASS,100.0,0.009,9.4
