scenario,S,cut_runs,cut_run_len_med,cut_gap_med,cut_gap_over_S,cut_gap_iqr_over_S
T1_S148_I108_1,148,19,7.0,153.0,1.034,"(1.003, 1.079)"
T1_S148_I108_2,148,31,7.0,156.0,1.054,"(1.024, 1.081)"
T1_S164_I192_1,164,4,11.0,254.0,1.549,"(1.537, 1.549)"
T1_S164_I193_1,164,4,10.0,254.0,1.549,"(1.546, 1.549)"
T1_S164_I199_1,164,8,7.0,171.0,1.043,"(1.021, 1.043)"
T1_S164_I36_1,164,10,7.0,180.0,1.098,"(1.098, 1.104)"
T1_S174_I108_1,174,10,7.0,59.0,0.339,"(0.339, 0.379)"
T1_S174_I111_1,174,106,7.0,176.0,1.011,"(1.011, 1.017)"
T1_S177_I108_1,177,93,7.0,176.0,0.994,"(0.994, 0.996)"
T1_S179_I35_1,179,10,7.5,180.0,1.006,"(1.006, 1.006)"
T1_S478_I118_1,478,6,17.0,477.0,0.998,"(0.998, 1.01)"
T1_S478_I118_2,478,6,21.0,487.0,1.019,"(1.008, 1.027)"
T1_S555_I117_1,555,33,24.0,556.0,1.002,"(1.0, 1.004)"
T2_S262_I45_1,262,11,6.0,130.0,0.496,"(0.496, 0.496)"
T2_S262_I52_1,262,13,6.0,133.0,0.508,"(0.508, 0.509)"
T2_S287_I184_1,287,9,9.0,201.0,0.7,"(0.7, 0.7)"
T2_S287_I185_1,287,4,13.0,299.0,1.042,"(1.042, 1.044)"
T2_S303_I44_1,303,14,6.0,130.0,0.429,"(0.429, 0.429)"
T2_S466_I39_1,466,33,6.0,141.0,0.303,"(0.114, 0.312)"
T3_S165_I175_1,165,11,7.0,172.0,1.042,"(1.042, 1.048)"
T3_S165_I178_1,165,11,7.0,172.0,1.042,"(1.042, 1.047)"
T3_S165_I178_2,165,10,7.0,172.0,1.042,"(1.042, 1.048)"
