scenario,T,S,I,rep,n_csv,n_img,idx_first,idx_last,n_missing_idx,missing_first10,n_normal,n_cutline_lab,n_defect,defect_labels,n_defect_masks,n_cutline_masks,readme_speed,readme_illum,readme_normal,readme_cut,readme_anom,readme_total,pure_normal,secs_at_30fps,d_normal,d_cut,d_anom,d_total,gray_mean,gray_mean_sd,dx_med,dx_iqr,dy_med,resp_med,circumference_px_est,best_peak_over_S,acf_at_S
T1_S148_I108_1,T1,148,108,1,3262,3262,1,3262,0,[],2370,145,747,"[4, 5]",747,145,high,normal,2370,145,747,3262,False,108.7,0,0,0,0,108.6,3.2,-113.46,10.14,2.53,0.71,16792.0,0.52,0.8
T1_S148_I108_2,T1,148,108,2,4804,4804,1,4804,0,[],4428,209,167,[3],167,209,high,normal,4428,209,167,4804,False,160.1,0,0,0,0,108.6,3.2,-117.52,26.89,2.89,0.69,17393.0,0.534,0.76
T1_S164_I192_1,T1,164,192,1,1020,1020,1,1020,0,[],967,43,10,[7],20,43,high,bright,957,43,20,1020,False,34.0,10,0,-10,0,192.2,8.3,-86.23,3.8,2.31,0.74,14142.0,1.549,0.925
T1_S164_I193_1,T1,164,193,1,1037,1037,1,1037,0,[],987,40,10,[8],10,40,high,bright,987,40,10,1037,False,34.6,0,0,0,0,193.2,8.5,-86.75,4.93,2.32,0.74,14227.0,1.549,0.903
T1_S164_I199_1,T1,164,199,1,1212,1212,1,1212,0,[],1161,51,0,[],0,51,high,bright,1198,14,0,1212,True,40.4,-37,37,0,0,198.2,8.9,-85.69,200.2,3.08,0.5,14053.0,2.079,0.912
T1_S164_I36_1,T1,164,36,1,1807,1807,1,1807,0,[],1733,74,0,[],0,74,high,dark,1733,74,0,1807,True,60.2,0,0,0,0,36.8,2.0,0.09,0.12,0.04,0.11,15.0,0.561,0.912
T1_S174_I108_1,T1,174,108,1,617,617,1,617,0,[],390,74,153,"[3, 4, 9]",153,74,high,normal,390,74,153,617,False,20.6,0,0,0,0,110.5,4.1,-126.65,23.95,3.08,0.62,22037.0,1.057,0.698
T1_S174_I111_1,T1,174,111,1,18630,18630,1,18630,0,[],17838,786,6,[6],6,786,high,normal,17838,786,6,18630,False,621.0,0,0,0,0,109.5,3.9,-116.34,23.0,2.55,0.67,20243.0,1.011,0.871
T1_S177_I108_1,T1,177,108,1,16431,16431,1,16431,0,[],15749,682,0,[],0,682,high,normal,15749,682,0,16431,True,547.7,0,0,0,0,107.7,3.7,-118.38,22.07,2.63,0.7,20953.0,0.994,0.819
T1_S179_I35_1,T1,179,35,1,1807,1807,1,1807,0,[],1732,75,0,[],0,75,high,dark,1732,75,0,1807,True,60.2,0,0,0,0,35.8,2.0,0.03,0.16,0.0,0.11,5.0,1.514,0.943
T1_S478_I118_1,T1,478,118,1,3247,3247,1,3247,0,[],2895,104,248,"[4, 5]",248,104,low,normal,2895,104,248,3247,False,108.2,0,0,0,0,119.1,3.5,-38.84,1.69,0.91,0.87,18566.0,1.954,0.947
T1_S478_I118_2,T1,478,118,2,3204,3204,1,3204,0,[],2961,126,117,[3],117,126,low,normal,2961,126,117,3204,False,106.8,0,0,0,0,119.4,3.4,-38.94,1.92,0.77,0.87,18613.0,1.017,0.959
T1_S555_I117_1,T1,555,117,1,18465,18465,1,18465,0,[],15938,765,1762,[4],1762,765,low,normal,17679,765,21,18465,False,615.5,-1741,0,1741,0,118.1,4.1,-38.34,0.84,0.7,0.86,21279.0,1.002,0.981
T2_S262_I45_1,T2,262,45,1,1526,1526,1,1526,0,[],1461,65,0,[],0,65,regular,dark,1461,65,0,1526,True,50.9,0,0,0,0,45.2,2.1,-161.49,2.77,2.18,0.43,42310.0,0.496,0.914
T2_S262_I52_1,T2,262,52,1,1622,1622,1,1622,0,[],1549,73,0,[],0,73,regular,dark,1549,73,0,1622,True,54.1,0,0,0,0,52.8,3.9,-160.41,5.77,2.22,0.54,42027.0,2.034,0.978
T2_S287_I184_1,T2,287,184,1,1807,1807,1,1807,0,[],1729,78,0,[],0,78,regular,bright,1729,78,0,1807,True,60.2,0,0,0,0,184.5,15.4,-105.12,2.26,2.18,0.62,30169.0,0.7,0.928
T2_S287_I185_1,T2,287,185,1,1178,1178,1,1178,0,[],1051,51,76,"[6, 7]",75,51,regular,bright,1052,51,75,1178,False,39.3,-1,0,1,0,185.4,15.5,-71.23,3.16,1.56,0.68,20443.0,1.038,0.947
T2_S303_I44_1,T2,303,44,1,1808,1808,1,1808,0,[],1725,83,0,[],0,83,regular,dark,1796,12,0,1808,True,60.3,-71,71,0,0,44.9,2.1,-161.12,4.39,2.91,0.44,48819.0,1.713,0.645
T2_S466_I39_1,T2,466,39,1,4290,4290,1,4290,0,[],4099,191,0,[],0,191,low,dark,4099,191,0,4290,True,143.0,0,0,0,0,41.6,2.3,0.02,0.15,-0.04,0.13,9.0,0.511,0.925
T3_S165_I175_1,T3,165,175,1,1807,1807,1,1807,0,[],1731,76,0,[],0,76,high,bright,1789,18,0,1807,True,60.2,-58,58,0,0,176.0,12.7,-122.82,5.43,2.54,0.59,20265.0,2.091,0.965
T3_S165_I178_1,T3,165,178,1,1808,1808,1,1808,0,[],1727,81,0,[],0,81,high,bright,1727,81,0,1808,True,60.3,0,0,0,0,178.1,13.0,-123.43,5.96,2.54,0.59,20366.0,2.091,0.955
T3_S165_I178_2,T3,165,178,2,1807,1807,1,1807,0,[],1733,74,0,[],0,74,high,bright,1733,74,0,1807,True,60.2,0,0,0,0,178.1,13.0,-124.43,3.77,2.56,0.59,20531.0,1.042,0.958
