scenario,pass_id,pass_start,pass_end,n_defect_frames,labels,dominant_label,candidate_track_id,mask_cy_mid,pilot_fold
T1_S148_I108_1,T1_S148_I108_1_p001,3,8,6,[4],4,T1_S148_I108_1_t01,599.7,A-G1
T1_S148_I108_1,T1_S148_I108_1_p002,12,16,5,[4],4,T1_S148_I108_1_t01,632.2,A-G1
T1_S148_I108_1,T1_S148_I108_1_p003,83,89,7,"[4, 5]",5,T1_S148_I108_1_t02,315.3,A-G1
T1_S148_I108_1,T1_S148_I108_1_p004,98,104,7,[4],4,T1_S148_I108_1_t19,79.0,A-G1
T1_S148_I108_1,T1_S148_I108_1_p005,116,121,6,[4],4,T1_S148_I108_1_t19,103.4,A-G1
T1_S148_I108_1,T1_S148_I108_1_p006,123,128,6,[4],4,T1_S148_I108_1_t19,100.1,A-G1
T1_S148_I108_1,T1_S148_I108_1_p007,143,147,5,[4],4,T1_S148_I108_1_t19,97.6,A-G1
T1_S148_I108_1,T1_S148_I108_1_p008,152,158,7,[4],4,T1_S148_I108_1_t19,67.6,A-G1
T1_S148_I108_1,T1_S148_I108_1_p009,161,168,8,[4],4,T1_S148_I108_1_t19,58.8,A-G1
T1_S148_I108_1,T1_S148_I108_1_p010,215,221,7,[4],4,T1_S148_I108_1_t03,85.5,A-G1
T1_S148_I108_1,T1_S148_I108_1_p011,225,229,5,[4],4,T1_S148_I108_1_t03,69.4,A-G1
T1_S148_I108_1,T1_S148_I108_1_p012,231,233,3,"[4, 5]",5,T1_S148_I108_1_t02,321.8,A-G1
T1_S148_I108_1,T1_S148_I108_1_p013,242,248,7,[4],4,T1_S148_I108_1_t04,344.8,A-G1
T1_S148_I108_1,T1_S148_I108_1_p014,258,262,5,[4],4,T1_S148_I108_1_t19,106.7,A-G1
T1_S148_I108_1,T1_S148_I108_1_p015,276,281,6,[4],4,T1_S148_I108_1_t19,95.1,A-G1
T1_S148_I108_1,T1_S148_I108_1_p016,302,309,8,[4],4,T1_S148_I108_1_t01,611.3,A-G1
T1_S148_I108_1,T1_S148_I108_1_p017,312,322,11,[4],4,T1_S148_I108_1_t01,604.3,A-G1
T1_S148_I108_1,T1_S148_I108_1_p018,361,364,4,[4],4,T1_S148_I108_1_t05,632.8,A-G1
T1_S148_I108_1,T1_S148_I108_1_p019,369,373,5,[4],4,T1_S148_I108_1_t05,618.9,A-G1
T1_S148_I108_1,T1_S148_I108_1_p020,389,396,8,[4],4,T1_S148_I108_1_t04,330.6,A-G1
T1_S148_I108_1,T1_S148_I108_1_p021,433,439,7,[4],4,T1_S148_I108_1_t19,97.9,A-G1
T1_S148_I108_1,T1_S148_I108_1_p022,445,448,4,[4],4,T1_S148_I108_1_t19,82.1,A-G1
T1_S148_I108_1,T1_S148_I108_1_p023,462,468,7,[4],4,T1_S148_I108_1_t01,607.4,A-G1
T1_S148_I108_1,T1_S148_I108_1_p024,510,514,5,[4],4,T1_S148_I108_1_t03,95.1,A-G1
T1_S148_I108_1,T1_S148_I108_1_p025,552,555,4,[4],4,T1_S148_I108_1_t06,626.0,A-G1
T1_S148_I108_1,T1_S148_I108_1_p026,561,563,3,[4],4,T1_S148_I108_1_t19,102.1,A-G1
T1_S148_I108_1,T1_S148_I108_1_p027,571,575,5,[4],4,T1_S148_I108_1_t19,103.3,A-G1
T1_S148_I108_1,T1_S148_I108_1_p028,596,605,10,[4],4,T1_S148_I108_1_t07,341.1,A-G1
T1_S148_I108_1,T1_S148_I108_1_p029,622,627,6,[4],4,T1_S148_I108_1_t19,78.1,A-G1
T1_S148_I108_1,T1_S148_I108_1_p030,657,662,6,[4],4,T1_S148_I108_1_t03,91.6,A-G1
T1_S148_I108_1,T1_S148_I108_1_p031,668,676,9,[4],4,T1_S148_I108_1_t03,81.2,A-G1
T1_S148_I108_1,T1_S148_I108_1_p032,680,685,6,"[4, 5]",5,T1_S148_I108_1_t02,312.4,A-G1
T1_S148_I108_1,T1_S148_I108_1_p033,721,726,6,[4],4,T1_S148_I108_1_t19,96.0,A-G1
T1_S148_I108_1,T1_S148_I108_1_p034,739,748,10,[4],4,T1_S148_I108_1_t19,95.9,A-G1
T1_S148_I108_1,T1_S148_I108_1_p035,750,756,7,[4],4,T1_S148_I108_1_t19,69.1,A-G1
T1_S148_I108_1,T1_S148_I108_1_p036,771,777,7,[4],4,T1_S148_I108_1_t01,625.3,A-G1
T1_S148_I108_1,T1_S148_I108_1_p037,825,835,11,[4],4,T1_S148_I108_1_t05,625.3,A-G1
T1_S148_I108_1,T1_S148_I108_1_p038,841,846,6,"[4, 5]",5,T1_S148_I108_1_t02,327.8,A-G1
T1_S148_I108_1,T1_S148_I108_1_p039,867,872,6,[4],4,T1_S148_I108_1_t19,97.5,A-G1
T1_S148_I108_1,T1_S148_I108_1_p040,879,884,6,[4],4,T1_S148_I108_1_t19,98.9,A-G1
T1_S148_I108_1,T1_S148_I108_1_p041,902,907,6,[4],4,T1_S148_I108_1_t01,630.7,A-G1
T1_S148_I108_1,T1_S148_I108_1_p042,909,915,7,[4],4,T1_S148_I108_1_t01,618.0,A-G1
T1_S148_I108_1,T1_S148_I108_1_p043,924,929,6,[4],4,T1_S148_I108_1_t19,66.5,A-G1
T1_S148_I108_1,T1_S148_I108_1_p044,951,956,6,[4],4,T1_S148_I108_1_t03,98.4,A-G1
T1_S148_I108_1,T1_S148_I108_1_p045,958,962,5,[4],4,T1_S148_I108_1_t03,94.4,A-G1
T1_S148_I108_1,T1_S148_I108_1_p046,966,968,3,[4],4,T1_S148_I108_1_t03,93.2,A-G1
T1_S148_I108_1,T1_S148_I108_1_p047,1059,1065,7,[4],4,T1_S148_I108_1_t19,88.1,A-G1
T1_S148_I108_1,T1_S148_I108_1_p048,1068,1082,15,[4],4,T1_S148_I108_1_t19,56.4,A-G1
T1_S148_I108_1,T1_S148_I108_1_p049,1206,1215,10,[4],4,T1_S148_I108_1_t08,341.2,A-G1
T1_S148_I108_1,T1_S148_I108_1_p050,1219,1224,6,[4],4,T1_S148_I108_1_t01,605.4,A-G1
T1_S148_I108_1,T1_S148_I108_1_p051,1226,1232,7,[4],4,T1_S148_I108_1_t09,344.5,A-G1
T1_S148_I108_1,T1_S148_I108_1_p052,1292,1297,6,[4],4,T1_S148_I108_1_t19,79.6,A-G1
T1_S148_I108_1,T1_S148_I108_1_p053,1322,1326,5,[4],4,T1_S148_I108_1_t19,97.2,A-G1
T1_S148_I108_1,T1_S148_I108_1_p054,1336,1342,7,[4],4,T1_S148_I108_1_t19,98.5,A-G1
T1_S148_I108_1,T1_S148_I108_1_p055,1362,1366,5,[4],4,T1_S148_I108_1_t10,237.3,A-G1
T1_S148_I108_1,T1_S148_I108_1_p056,1379,1384,6,[4],4,T1_S148_I108_1_t09,326.3,A-G1
T1_S148_I108_1,T1_S148_I108_1_p057,1445,1457,13,[4],4,T1_S148_I108_1_t11,635.4,A-G1
T1_S148_I108_1,T1_S148_I108_1_p058,1466,1473,8,[4],4,T1_S148_I108_1_t19,65.0,A-G1
T1_S148_I108_1,T1_S148_I108_1_p059,1487,1492,6,[4],4,T1_S148_I108_1_t19,106.2,A-G1
T1_S148_I108_1,T1_S148_I108_1_p060,1503,1510,8,[4],4,T1_S148_I108_1_t19,100.0,A-G1
T1_S148_I108_1,T1_S148_I108_1_p061,1543,1547,5,[4],4,T1_S148_I108_1_t01,606.8,A-G1
T1_S148_I108_1,T1_S148_I108_1_p062,1620,1626,7,[4],4,T1_S148_I108_1_t12,613.3,A-G1
T1_S148_I108_1,T1_S148_I108_1_p063,1635,1643,9,[4],4,T1_S148_I108_1_t13,481.3,A-G1
T1_S148_I108_1,T1_S148_I108_1_p064,1705,1709,5,[4],4,T1_S148_I108_1_t19,61.2,A-G1
T1_S148_I108_1,T1_S148_I108_1_p065,1725,1730,6,[4],4,T1_S148_I108_1_t19,99.9,A-G1
T1_S148_I108_1,T1_S148_I108_1_p066,1770,1775,6,[4],4,T1_S148_I108_1_t19,81.2,A-G1
T1_S148_I108_1,T1_S148_I108_1_p067,1792,1796,5,[4],4,T1_S148_I108_1_t14,620.7,A-G1
T1_S148_I108_1,T1_S148_I108_1_p068,1864,1872,9,[4],4,T1_S148_I108_1_t09,313.0,A-G1
T1_S148_I108_1,T1_S148_I108_1_p069,1878,1883,6,[4],4,T1_S148_I108_1_t19,79.5,A-G1
T1_S148_I108_1,T1_S148_I108_1_p070,1898,1903,6,[4],4,T1_S148_I108_1_t19,99.5,A-G1
T1_S148_I108_1,T1_S148_I108_1_p071,1932,1942,11,[4],4,T1_S148_I108_1_t19,59.8,A-G1
T1_S148_I108_1,T1_S148_I108_1_p072,1957,1962,6,[4],4,T1_S148_I108_1_t19,77.6,A-G1
T1_S148_I108_1,T1_S148_I108_1_p073,2011,2017,7,[4],4,T1_S148_I108_1_t19,83.0,A-G1
T1_S148_I108_1,T1_S148_I108_1_p074,2026,2045,20,[4],4,T1_S148_I108_1_t19,64.0,A-G1
T1_S148_I108_1,T1_S148_I108_1_p075,2092,2110,19,"[4, 5]",4,T1_S148_I108_1_t15,315.8,A-G1
T1_S148_I108_1,T1_S148_I108_1_p076,2114,2119,6,[4],4,T1_S148_I108_1_t14,621.9,A-G1
T1_S148_I108_1,T1_S148_I108_1_p077,2128,2134,7,[4],4,T1_S148_I108_1_t19,100.4,A-G1
T1_S148_I108_1,T1_S148_I108_1_p078,2164,2174,11,[4],4,T1_S148_I108_1_t16,626.3,A-G1
T1_S148_I108_1,T1_S148_I108_1_p079,2184,2190,7,[4],4,T1_S148_I108_1_t17,611.7,A-G1
T1_S148_I108_1,T1_S148_I108_1_p080,2247,2259,13,"[4, 5]",5,T1_S148_I108_1_t18,335.3,A-G1
T1_S148_I108_1,T1_S148_I108_1_p081,2292,2297,6,[4],4,T1_S148_I108_1_t19,97.7,A-G1
T1_S148_I108_1,T1_S148_I108_1_p082,2336,2348,13,[4],4,T1_S148_I108_1_t19,63.7,A-G1
T1_S148_I108_1,T1_S148_I108_1_p083,2376,2380,5,[4],4,T1_S148_I108_1_t19,96.7,A-G1
T1_S148_I108_1,T1_S148_I108_1_p084,2423,2426,4,[4],4,T1_S148_I108_1_t14,614.8,A-G1
T1_S148_I108_1,T1_S148_I108_1_p085,2451,2456,6,[4],4,T1_S148_I108_1_t19,94.3,A-G1
T1_S148_I108_1,T1_S148_I108_1_p086,2492,2499,8,[4],4,T1_S148_I108_1_t17,601.2,A-G1
T1_S148_I108_1,T1_S148_I108_1_p087,2554,2560,7,[4],4,T1_S148_I108_1_t20,81.3,A-G1
T1_S148_I108_1,T1_S148_I108_1_p088,2589,2591,3,[4],4,T1_S148_I108_1_t19,99.6,A-G1
T1_S148_I108_1,T1_S148_I108_1_p089,2600,2605,6,[4],4,T1_S148_I108_1_t19,98.6,A-G1
T1_S148_I108_1,T1_S148_I108_1_p090,2611,2616,6,[4],4,T1_S148_I108_1_t19,93.1,A-G1
T1_S148_I108_1,T1_S148_I108_1_p091,2625,2627,3,[4],4,T1_S148_I108_1_t19,97.8,A-G1
T1_S148_I108_1,T1_S148_I108_1_p092,2640,2652,13,[4],4,T1_S148_I108_1_t19,65.5,A-G1
T1_S148_I108_1,T1_S148_I108_1_p093,2705,2709,5,[4],4,T1_S148_I108_1_t21,632.2,A-G1
T1_S148_I108_1,T1_S148_I108_1_p094,2717,2720,4,"[4, 5]",5,T1_S148_I108_1_t18,325.0,A-G1
T1_S148_I108_1,T1_S148_I108_1_p095,2747,2752,6,[4],4,T1_S148_I108_1_t19,94.9,A-G1
T1_S148_I108_1,T1_S148_I108_1_p096,2767,2772,6,[4],4,T1_S148_I108_1_t19,93.0,A-G1
T1_S148_I108_1,T1_S148_I108_1_p097,2787,2798,12,[4],4,T1_S148_I108_1_t22,361.9,A-G1
T1_S148_I108_1,T1_S148_I108_1_p098,2819,2822,4,[4],4,T1_S148_I108_1_t23,477.7,A-G1
T1_S148_I108_1,T1_S148_I108_1_p099,2869,2875,7,"[4, 5]",4,T1_S148_I108_1_t24,344.3,A-G1
T1_S148_I108_1,T1_S148_I108_1_p100,2933,2944,12,[4],4,T1_S148_I108_1_t19,144.0,A-G1
T1_S148_I108_1,T1_S148_I108_1_p101,2995,3001,7,[4],4,T1_S148_I108_1_t20,87.7,A-G1
T1_S148_I108_1,T1_S148_I108_1_p102,3005,3017,13,"[4, 5]",4,T1_S148_I108_1_t20,59.9,A-G1
T1_S148_I108_1,T1_S148_I108_1_p103,3084,3088,5,[4],4,T1_S148_I108_1_t19,97.9,A-G1
T1_S148_I108_1,T1_S148_I108_1_p104,3137,3142,6,[4],4,T1_S148_I108_1_t21,622.9,A-G1
T1_S148_I108_1,T1_S148_I108_1_p105,3162,3168,7,[4],4,T1_S148_I108_1_t20,67.8,A-G1
T1_S148_I108_1,T1_S148_I108_1_p106,3226,3228,3,[4],4,T1_S148_I108_1_t19,61.7,A-G1
T1_S148_I108_2,T1_S148_I108_2_p001,12,17,6,[3],3,T1_S148_I108_2_t01,323.1,A-G1
T1_S148_I108_2,T1_S148_I108_2_p002,171,176,6,[3],3,T1_S148_I108_2_t01,329.7,A-G1
T1_S148_I108_2,T1_S148_I108_2_p003,319,323,5,[3],3,T1_S148_I108_2_t01,325.8,A-G1
T1_S148_I108_2,T1_S148_I108_2_p004,483,486,4,[3],3,T1_S148_I108_2_t01,324.4,A-G1
T1_S148_I108_2,T1_S148_I108_2_p005,624,626,3,[3],3,T1_S148_I108_2_t01,327.4,A-G1
T1_S148_I108_2,T1_S148_I108_2_p006,771,775,5,[3],3,T1_S148_I108_2_t01,330.3,A-G1
T1_S148_I108_2,T1_S148_I108_2_p007,928,933,6,[3],3,T1_S148_I108_2_t01,331.6,A-G1
T1_S148_I108_2,T1_S148_I108_2_p008,1094,1099,6,[3],3,T1_S148_I108_2_t01,318.9,A-G1
T1_S148_I108_2,T1_S148_I108_2_p009,1256,1261,6,[3],3,T1_S148_I108_2_t01,320.1,A-G1
T1_S148_I108_2,T1_S148_I108_2_p010,1419,1424,6,[3],3,T1_S148_I108_2_t01,318.5,A-G1
T1_S148_I108_2,T1_S148_I108_2_p011,1579,1583,5,[3],3,T1_S148_I108_2_t01,320.9,A-G1
T1_S148_I108_2,T1_S148_I108_2_p012,1740,1746,7,[3],3,T1_S148_I108_2_t01,325.0,A-G1
T1_S148_I108_2,T1_S148_I108_2_p013,1899,1904,6,[3],3,T1_S148_I108_2_t01,324.9,A-G1
T1_S148_I108_2,T1_S148_I108_2_p014,2057,2060,4,[3],3,T1_S148_I108_2_t01,320.9,A-G1
T1_S148_I108_2,T1_S148_I108_2_p015,2203,2208,6,[3],3,T1_S148_I108_2_t01,318.8,A-G1
T1_S148_I108_2,T1_S148_I108_2_p016,2357,2361,5,[3],3,T1_S148_I108_2_t01,330.0,A-G1
T1_S148_I108_2,T1_S148_I108_2_p017,2521,2525,5,[3],3,T1_S148_I108_2_t01,320.8,A-G1
T1_S148_I108_2,T1_S148_I108_2_p018,2693,2698,6,[3],3,T1_S148_I108_2_t01,320.3,A-G1
T1_S148_I108_2,T1_S148_I108_2_p019,2851,2855,5,[3],3,T1_S148_I108_2_t01,334.3,A-G1
T1_S148_I108_2,T1_S148_I108_2_p020,3005,3011,7,[3],3,T1_S148_I108_2_t01,325.6,A-G1
T1_S148_I108_2,T1_S148_I108_2_p021,3155,3159,5,[3],3,T1_S148_I108_2_t01,322.6,A-G1
T1_S148_I108_2,T1_S148_I108_2_p022,3310,3313,4,[3],3,T1_S148_I108_2_t01,323.0,A-G1
T1_S148_I108_2,T1_S148_I108_2_p023,3465,3469,5,[3],3,T1_S148_I108_2_t01,319.6,A-G1
T1_S148_I108_2,T1_S148_I108_2_p024,3625,3630,6,[3],3,T1_S148_I108_2_t01,323.6,A-G1
T1_S148_I108_2,T1_S148_I108_2_p025,3776,3781,6,[3],3,T1_S148_I108_2_t01,313.0,A-G1
T1_S148_I108_2,T1_S148_I108_2_p026,3919,3924,6,[3],3,T1_S148_I108_2_t01,322.6,A-G1
T1_S148_I108_2,T1_S148_I108_2_p027,4079,4082,4,[3],3,T1_S148_I108_2_t01,330.5,A-G1
T1_S148_I108_2,T1_S148_I108_2_p028,4229,4233,5,[3],3,T1_S148_I108_2_t01,318.3,A-G1
T1_S148_I108_2,T1_S148_I108_2_p029,4370,4374,5,[3],3,T1_S148_I108_2_t01,324.8,A-G1
T1_S148_I108_2,T1_S148_I108_2_p030,4526,4531,6,[3],3,T1_S148_I108_2_t01,327.8,A-G1
T1_S148_I108_2,T1_S148_I108_2_p031,4690,4695,6,[3],3,T1_S148_I108_2_t01,318.0,A-G1
T1_S164_I192_1,T1_S164_I192_1_p001,4,13,10,[7],7,T1_S164_I192_1_t01,374.5,not in pilot
T1_S164_I193_1,T1_S164_I193_1_p001,89,98,10,[8],8,T1_S164_I193_1_t01,20.1,not in pilot
T1_S174_I108_1,T1_S174_I108_1_p001,16,21,6,[3],3,T1_S174_I108_1_t01,327.3,A-G1
T1_S174_I108_1,T1_S174_I108_1_p002,38,44,7,[9],9,T1_S174_I108_1_t02,341.3,A-G1
T1_S174_I108_1,T1_S174_I108_1_p003,60,65,6,[4],4,T1_S174_I108_1_t04,91.9,A-G1
T1_S174_I108_1,T1_S174_I108_1_p004,82,87,6,[3],3,T1_S174_I108_1_t05,323.9,A-G1
T1_S174_I108_1,T1_S174_I108_1_p005,104,110,7,[9],9,T1_S174_I108_1_t03,306.9,A-G1
T1_S174_I108_1,T1_S174_I108_1_p006,126,132,7,[4],4,T1_S174_I108_1_t04,88.3,A-G1
T1_S174_I108_1,T1_S174_I108_1_p007,148,153,6,[3],3,T1_S174_I108_1_t05,327.9,A-G1
T1_S174_I108_1,T1_S174_I108_1_p008,185,190,6,[4],4,T1_S174_I108_1_t04,97.5,A-G1
T1_S174_I108_1,T1_S174_I108_1_p009,207,212,6,[3],3,T1_S174_I108_1_t05,333.3,A-G1
T1_S174_I108_1,T1_S174_I108_1_p010,244,249,6,[4],4,T1_S174_I108_1_t04,95.6,A-G1
T1_S174_I108_1,T1_S174_I108_1_p011,266,271,6,[3],3,T1_S174_I108_1_t05,326.7,A-G1
T1_S174_I108_1,T1_S174_I108_1_p012,288,294,7,[9],9,T1_S174_I108_1_t06,98.3,A-G1
T1_S174_I108_1,T1_S174_I108_1_p013,310,316,7,[4],4,T1_S174_I108_1_t04,88.0,A-G1
T1_S174_I108_1,T1_S174_I108_1_p014,332,337,6,[3],3,T1_S174_I108_1_t05,322.7,A-G1
T1_S174_I108_1,T1_S174_I108_1_p015,369,375,7,[4],4,T1_S174_I108_1_t04,105.8,A-G1
T1_S174_I108_1,T1_S174_I108_1_p016,391,396,6,[3],3,T1_S174_I108_1_t05,336.1,A-G1
T1_S174_I108_1,T1_S174_I108_1_p017,428,434,7,[4],4,T1_S174_I108_1_t04,66.3,A-G1
T1_S174_I108_1,T1_S174_I108_1_p018,450,455,6,[3],3,T1_S174_I108_1_t05,316.4,A-G1
T1_S174_I108_1,T1_S174_I108_1_p019,472,478,7,[9],9,T1_S174_I108_1_t07,418.6,A-G1
T1_S174_I108_1,T1_S174_I108_1_p020,494,499,6,[4],4,T1_S174_I108_1_t04,83.8,A-G1
T1_S174_I108_1,T1_S174_I108_1_p021,515,520,6,[3],3,T1_S174_I108_1_t05,314.8,A-G1
T1_S174_I108_1,T1_S174_I108_1_p022,552,558,7,[4],4,T1_S174_I108_1_t08,371.1,A-G1
T1_S174_I108_1,T1_S174_I108_1_p023,574,579,6,[3],3,T1_S174_I108_1_t05,325.0,A-G1
T1_S174_I108_1,T1_S174_I108_1_p024,611,616,6,[4],4,T1_S174_I108_1_t04,91.8,A-G1
T1_S174_I111_1,T1_S174_I111_1_p001,10850,10855,6,[6],6,T1_S174_I111_1_t01,563.6,A-G1
T1_S478_I118_1,T1_S478_I118_1_p001,1,2,2,[4],4,T1_S478_I118_1_t01,39.8,A-G4
T1_S478_I118_1,T1_S478_I118_1_p002,227,246,20,[4],4,T1_S478_I118_1_t02,27.3,A-G4
T1_S478_I118_1,T1_S478_I118_1_p003,473,492,20,[4],4,T1_S478_I118_1_t03,587.3,A-G4
T1_S478_I118_1,T1_S478_I118_1_p004,722,741,20,[4],4,T1_S478_I118_1_t04,576.2,A-G4
T1_S478_I118_1,T1_S478_I118_1_p005,846,862,17,[4],4,T1_S478_I118_1_t05,18.8,A-G4
T1_S478_I118_1,T1_S478_I118_1_p006,893,910,18,[4],4,T1_S478_I118_1_t05,10.6,A-G4
T1_S478_I118_1,T1_S478_I118_1_p007,1272,1308,37,[4],4,T1_S478_I118_1_t06,519.2,A-G4
T1_S478_I118_1,T1_S478_I118_1_p008,1348,1369,22,[4],4,T1_S478_I118_1_t07,451.0,A-G4
T1_S478_I118_1,T1_S478_I118_1_p009,1773,1792,20,[4],4,T1_S478_I118_1_t06,545.8,A-G4
T1_S478_I118_1,T1_S478_I118_1_p010,2043,2060,18,[4],4,T1_S478_I118_1_t08,513.8,A-G4
T1_S478_I118_1,T1_S478_I118_1_p011,2321,2334,14,[4],4,T1_S478_I118_1_t05,8.5,A-G4
T1_S478_I118_1,T1_S478_I118_1_p012,2799,2821,23,"[4, 5]",4,T1_S478_I118_1_t07,436.6,A-G4
T1_S478_I118_1,T1_S478_I118_1_p013,3021,3037,17,[4],4,T1_S478_I118_1_t09,8.3,A-G4
T1_S478_I118_2,T1_S478_I118_2_p001,15,33,19,[3],3,T1_S478_I118_2_t01,316.8,A-G4
T1_S478_I118_2,T1_S478_I118_2_p002,527,542,16,[3],3,T1_S478_I118_2_t01,324.4,A-G4
T1_S478_I118_2,T1_S478_I118_2_p003,1013,1032,20,[3],3,T1_S478_I118_2_t01,328.3,A-G4
T1_S478_I118_2,T1_S478_I118_2_p004,1498,1517,20,[3],3,T1_S478_I118_2_t01,341.0,A-G4
T1_S478_I118_2,T1_S478_I118_2_p005,1977,1990,14,[3],3,T1_S478_I118_2_t01,314.7,A-G4
T1_S478_I118_2,T1_S478_I118_2_p006,2468,2481,14,[3],3,T1_S478_I118_2_t01,312.3,A-G4
T1_S478_I118_2,T1_S478_I118_2_p007,2963,2976,14,[3],3,T1_S478_I118_2_t01,328.3,A-G4
T1_S555_I117_1,T1_S555_I117_1_p001,182,202,21,[4],4,T1_S555_I117_1_t01,570.8,A-G4
T1_S555_I117_1,T1_S555_I117_1_p002,1652,1700,49,[4],4,T1_S555_I117_1_t02,80.0,A-G4
T1_S555_I117_1,T1_S555_I117_1_p003,2208,2229,22,[4],4,T1_S555_I117_1_t03,611.7,A-G4
T1_S555_I117_1,T1_S555_I117_1_p004,2231,2256,26,[4],4,T1_S555_I117_1_t03,624.1,A-G4
T1_S555_I117_1,T1_S555_I117_1_p005,2732,2752,21,[4],4,T1_S555_I117_1_t02,62.4,A-G4
T1_S555_I117_1,T1_S555_I117_1_p006,2760,2780,21,[4],4,T1_S555_I117_1_t02,75.8,A-G4
T1_S555_I117_1,T1_S555_I117_1_p007,2907,2927,21,[4],4,T1_S555_I117_1_t04,80.0,A-G4
T1_S555_I117_1,T1_S555_I117_1_p008,2931,2951,21,[4],4,T1_S555_I117_1_t04,72.8,A-G4
T1_S555_I117_1,T1_S555_I117_1_p009,3290,3310,21,[4],4,T1_S555_I117_1_t03,575.8,A-G4
T1_S555_I117_1,T1_S555_I117_1_p010,3318,3337,20,[4],4,T1_S555_I117_1_t03,602.3,A-G4
T1_S555_I117_1,T1_S555_I117_1_p011,3340,3360,21,[4],4,T1_S555_I117_1_t02,89.2,A-G4
T1_S555_I117_1,T1_S555_I117_1_p012,3465,3485,21,[4],4,T1_S555_I117_1_t05,609.8,A-G4
T1_S555_I117_1,T1_S555_I117_1_p013,3489,3509,21,[4],4,T1_S555_I117_1_t05,594.2,A-G4
T1_S555_I117_1,T1_S555_I117_1_p014,3895,3914,20,[4],4,T1_S555_I117_1_t03,621.6,A-G4
T1_S555_I117_1,T1_S555_I117_1_p015,3977,3996,20,[4],4,T1_S555_I117_1_t04,88.1,A-G4
T1_S555_I117_1,T1_S555_I117_1_p016,4599,4620,22,[4],4,T1_S555_I117_1_t04,82.4,A-G4
T1_S555_I117_1,T1_S555_I117_1_p017,5156,5176,21,[4],4,T1_S555_I117_1_t05,609.2,A-G4
T1_S555_I117_1,T1_S555_I117_1_p018,5215,5235,21,[4],4,T1_S555_I117_1_t06,42.7,A-G4
T1_S555_I117_1,T1_S555_I117_1_p019,5306,5325,20,[4],4,T1_S555_I117_1_t07,82.6,A-G4
T1_S555_I117_1,T1_S555_I117_1_p020,5770,5790,21,[4],4,T1_S555_I117_1_t08,552.1,A-G4
T1_S555_I117_1,T1_S555_I117_1_p021,5861,5880,20,[4],4,T1_S555_I117_1_t09,619.3,A-G4
T1_S555_I117_1,T1_S555_I117_1_p022,6126,6146,21,[4],4,T1_S555_I117_1_t10,96.2,A-G4
T1_S555_I117_1,T1_S555_I117_1_p023,6402,6422,21,[4],4,T1_S555_I117_1_t07,85.8,A-G4
T1_S555_I117_1,T1_S555_I117_1_p024,6675,6694,20,[4],4,T1_S555_I117_1_t11,626.7,A-G4
T1_S555_I117_1,T1_S555_I117_1_p025,6953,6973,21,[4],4,T1_S555_I117_1_t09,623.9,A-G4
T1_S555_I117_1,T1_S555_I117_1_p026,7106,7126,21,[4],4,T1_S555_I117_1_t13,66.8,A-G4
T1_S555_I117_1,T1_S555_I117_1_p027,7168,7189,22,[4],4,T1_S555_I117_1_t13,42.5,A-G4
T1_S555_I117_1,T1_S555_I117_1_p028,7639,7678,40,[4],4,T1_S555_I117_1_t13,82.7,A-G4
T1_S555_I117_1,T1_S555_I117_1_p029,7721,7742,22,[4],4,T1_S555_I117_1_t12,508.4,A-G4
T1_S555_I117_1,T1_S555_I117_1_p030,7947,7967,21,[4],4,T1_S555_I117_1_t13,58.7,A-G4
T1_S555_I117_1,T1_S555_I117_1_p031,8196,8216,21,[4],4,T1_S555_I117_1_t14,610.9,A-G4
T1_S555_I117_1,T1_S555_I117_1_p032,8501,8521,21,[4],4,T1_S555_I117_1_t15,573.0,A-G4
T1_S555_I117_1,T1_S555_I117_1_p033,8828,8848,21,[4],4,T1_S555_I117_1_t13,55.0,A-G4
T1_S555_I117_1,T1_S555_I117_1_p034,9383,9405,23,[4],4,T1_S555_I117_1_t16,325.9,A-G4
T1_S555_I117_1,T1_S555_I117_1_p035,9628,9648,21,[4],4,T1_S555_I117_1_t13,50.9,A-G4
T1_S555_I117_1,T1_S555_I117_1_p036,9941,9961,21,[4],4,T1_S555_I117_1_t14,563.1,A-G4
T1_S555_I117_1,T1_S555_I117_1_p037,10022,10042,21,[4],4,T1_S555_I117_1_t13,85.3,A-G4
T1_S555_I117_1,T1_S555_I117_1_p038,10183,10202,20,[4],4,T1_S555_I117_1_t15,556.0,A-G4
T1_S555_I117_1,T1_S555_I117_1_p039,10518,10538,21,[4],4,T1_S555_I117_1_t13,64.9,A-G4
T1_S555_I117_1,T1_S555_I117_1_p040,10856,10876,21,[4],4,T1_S555_I117_1_t17,80.3,A-G4
T1_S555_I117_1,T1_S555_I117_1_p041,11073,11093,21,[4],4,T1_S555_I117_1_t14,582.2,A-G4
T1_S555_I117_1,T1_S555_I117_1_p042,11275,11296,22,[4],4,T1_S555_I117_1_t13,61.3,A-G4
T1_S555_I117_1,T1_S555_I117_1_p043,11412,11431,20,[4],4,T1_S555_I117_1_t18,623.3,A-G4
T1_S555_I117_1,T1_S555_I117_1_p044,11642,11662,21,[4],4,T1_S555_I117_1_t13,82.5,A-G4
T1_S555_I117_1,T1_S555_I117_1_p045,11834,11853,20,[4],4,T1_S555_I117_1_t15,576.7,A-G4
T1_S555_I117_1,T1_S555_I117_1_p046,12042,12062,21,[4],4,T1_S555_I117_1_t13,98.8,A-G4
T1_S555_I117_1,T1_S555_I117_1_p047,12198,12218,21,[4],4,T1_S555_I117_1_t14,606.8,A-G4
T1_S555_I117_1,T1_S555_I117_1_p048,12295,12314,20,[4],4,T1_S555_I117_1_t13,61.5,A-G4
T1_S555_I117_1,T1_S555_I117_1_p049,12588,12607,20,[4],4,T1_S555_I117_1_t19,171.4,A-G4
T1_S555_I117_1,T1_S555_I117_1_p050,12732,12754,23,[4],4,T1_S555_I117_1_t13,67.2,A-G4
T1_S555_I117_1,T1_S555_I117_1_p051,12761,12781,21,[4],4,T1_S555_I117_1_t13,82.8,A-G4
T1_S555_I117_1,T1_S555_I117_1_p052,12853,12888,36,[4],4,T1_S555_I117_1_t20,212.6,A-G4
T1_S555_I117_1,T1_S555_I117_1_p053,12925,12946,22,[4],4,T1_S555_I117_1_t13,76.6,A-G4
T1_S555_I117_1,T1_S555_I117_1_p054,13219,13240,22,[4],4,T1_S555_I117_1_t13,68.5,A-G4
T1_S555_I117_1,T1_S555_I117_1_p055,13286,13308,23,[4],4,T1_S555_I117_1_t21,439.8,A-G4
T1_S555_I117_1,T1_S555_I117_1_p056,13316,13336,21,[4],4,T1_S555_I117_1_t14,608.3,A-G4
T1_S555_I117_1,T1_S555_I117_1_p057,13409,13427,19,[4],4,T1_S555_I117_1_t13,78.9,A-G4
T1_S555_I117_1,T1_S555_I117_1_p058,13480,13500,21,[4],4,T1_S555_I117_1_t15,604.3,A-G4
T1_S555_I117_1,T1_S555_I117_1_p059,13775,13796,22,[4],4,T1_S555_I117_1_t14,584.5,A-G4
T1_S555_I117_1,T1_S555_I117_1_p060,13843,13863,21,[4],4,T1_S555_I117_1_t14,582.3,A-G4
T1_S555_I117_1,T1_S555_I117_1_p061,14047,14068,22,[4],4,T1_S555_I117_1_t13,37.9,A-G4
T1_S555_I117_1,T1_S555_I117_1_p062,14294,14315,22,[4],4,T1_S555_I117_1_t13,62.1,A-G4
T1_S555_I117_1,T1_S555_I117_1_p063,14321,14341,21,[4],4,T1_S555_I117_1_t13,49.7,A-G4
T1_S555_I117_1,T1_S555_I117_1_p064,14572,14623,52,[4],4,T1_S555_I117_1_t13,58.5,A-G4
T1_S555_I117_1,T1_S555_I117_1_p065,14852,14873,22,[4],4,T1_S555_I117_1_t14,570.9,A-G4
T1_S555_I117_1,T1_S555_I117_1_p066,14878,14898,21,[4],4,T1_S555_I117_1_t14,559.0,A-G4
T1_S555_I117_1,T1_S555_I117_1_p067,15129,15161,33,[4],4,T1_S555_I117_1_t15,585.3,A-G4
T1_S555_I117_1,T1_S555_I117_1_p068,15414,15434,21,[4],4,T1_S555_I117_1_t13,71.8,A-G4
T1_S555_I117_1,T1_S555_I117_1_p069,15686,15706,21,[4],4,T1_S555_I117_1_t13,62.1,A-G4
T1_S555_I117_1,T1_S555_I117_1_p070,15968,15988,21,[4],4,T1_S555_I117_1_t14,591.3,A-G4
T1_S555_I117_1,T1_S555_I117_1_p071,16242,16261,20,[4],4,T1_S555_I117_1_t15,584.9,A-G4
T1_S555_I117_1,T1_S555_I117_1_p072,16361,16381,21,[4],4,T1_S555_I117_1_t22,88.6,A-G4
T1_S555_I117_1,T1_S555_I117_1_p073,16856,16876,21,[4],4,T1_S555_I117_1_t13,33.5,A-G4
T1_S555_I117_1,T1_S555_I117_1_p074,16917,16937,21,[4],4,T1_S555_I117_1_t23,618.6,A-G4
T1_S555_I117_1,T1_S555_I117_1_p075,17413,17433,21,[4],4,T1_S555_I117_1_t15,530.5,A-G4
T1_S555_I117_1,T1_S555_I117_1_p076,17854,17875,22,[4],4,T1_S555_I117_1_t24,90.6,A-G4
T1_S555_I117_1,T1_S555_I117_1_p077,18044,18064,21,[4],4,T1_S555_I117_1_t22,100.0,A-G4
T1_S555_I117_1,T1_S555_I117_1_p078,18220,18240,21,[4],4,T1_S555_I117_1_t25,38.9,A-G4
T1_S555_I117_1,T1_S555_I117_1_p079,18412,18421,10,[4],4,T1_S555_I117_1_t26,635.1,A-G4
T2_S287_I185_1,T2_S287_I185_1_p001,358,372,15,[7],7,T2_S287_I185_1_t01,98.5,not in pilot
T2_S287_I185_1,T2_S287_I185_1_p002,397,409,13,[6],6,T2_S287_I185_1_t02,48.2,not in pilot
T2_S287_I185_1,T2_S287_I185_1_p003,638,651,14,[6],6,T2_S287_I185_1_t03,482.1,not in pilot
T2_S287_I185_1,T2_S287_I185_1_p004,679,694,16,[6],6,T2_S287_I185_1_t04,522.6,not in pilot
T2_S287_I185_1,T2_S287_I185_1_p005,698,715,18,[6],6,T2_S287_I185_1_t05,525.0,not in pilot
