scenario,texture,cluster,condition_group,readme_speed,readme_illum,pure_normal,defect_frames,motion_measurable
T1_S148_I108_1,T1,C1,G1,high,normal,False,747,True
T1_S148_I108_2,T1,C1,G1,high,normal,False,167,True
T1_S164_I192_1,T1,C2,G2,high,bright,False,10,True
T1_S164_I193_1,T1,C2,G2,high,bright,False,10,True
T1_S164_I199_1,T1,C2,G2,high,bright,True,0,True
T1_S164_I36_1,T1,C3,G3,high,dark,True,0,False
T1_S179_I35_1,T1,C3,G3,high,dark,True,0,False
T1_S174_I108_1,T1,C4,G1,high,normal,False,153,True
T1_S174_I111_1,T1,C5,G1,high,normal,False,6,True
T1_S177_I108_1,T1,C5,G1,high,normal,True,0,True
T1_S478_I118_1,T1,C6,G4,low,normal,False,248,True
T1_S478_I118_2,T1,C6,G4,low,normal,False,117,True
T1_S555_I117_1,T1,C7,G4,low,normal,False,1762,True
T2_S262_I45_1,T2,C8,G5,regular,dark,True,0,True
T2_S262_I52_1,T2,C8,G5,regular,dark,True,0,True
T2_S303_I44_1,T2,C8,G5,regular,dark,True,0,True
T2_S287_I184_1,T2,C9,G6,regular,bright,True,0,True
T2_S287_I185_1,T2,C9,G6,regular,bright,False,76,True
T2_S466_I39_1,T2,C10,G7,low,dark,True,0,False
T3_S165_I175_1,T3,C11,G8,high,bright,True,0,True
T3_S165_I178_1,T3,C11,G8,high,bright,True,0,True
T3_S165_I178_2,T3,C11,G8,high,bright,True,0,True
