fold,group,scenario,frames,defect_frames,margin,spacing,eligible_clean,capacity,naive_equal_quota,final_quota
A-G1,G2,T1_S164_I192_1,1020,20,15.0,10,952,96,50.0,50
A-G1,G2,T1_S164_I193_1,1037,10,15.0,10,997,101,50.0,50
A-G1,G3,T1_S164_I36_1,1807,0,,20,1807,91,50.0,50
A-G1,G3,T1_S179_I35_1,1807,0,,20,1807,91,50.0,50
A-G1,G4,T1_S478_I118_1,3247,248,26.0,21,2384,118,33.3,34
A-G1,G4,T1_S478_I118_2,3204,117,26.0,21,2735,133,33.3,33
A-G1,G4,T1_S555_I117_1,18465,1762,26.0,21,13146,655,33.3,33
A-G4,G1,T1_S148_I108_1,3262,747,13.0,8,876,127,25.0,31
A-G4,G1,T1_S148_I108_2,4804,167,12.0,7,3894,571,25.0,31
A-G4,G1,T1_S174_I108_1,617,153,12.0,7,45,7,25.0,7
A-G4,G1,T1_S174_I111_1,18630,6,12.0,7,18600,2658,25.0,31
A-G4,G2,T1_S164_I192_1,1020,20,15.0,10,952,96,33.3,34
A-G4,G2,T1_S164_I193_1,1037,10,15.0,10,997,101,33.3,33
A-G4,G2,T1_S164_I199_1,1212,0,15.0,10,1212,122,33.3,33
A-G4,G3,T1_S164_I36_1,1807,0,,20,1807,91,50.0,50
A-G4,G3,T1_S179_I35_1,1807,0,,20,1807,91,50.0,50
