fold,group,scenario,frame
A-G1,G2,T1_S164_I192_1,29
A-G1,G2,T1_S164_I192_1,49
A-G1,G2,T1_S164_I192_1,69
A-G1,G2,T1_S164_I192_1,89
A-G1,G2,T1_S164_I192_1,109
A-G1,G2,T1_S164_I192_1,129
A-G1,G2,T1_S164_I192_1,149
A-G1,G2,T1_S164_I192_1,169
A-G1,G2,T1_S164_I192_1,189
A-G1,G2,T1_S164_I192_1,209
A-G1,G2,T1_S164_I192_1,229
A-G1,G2,T1_S164_I192_1,283
A-G1,G2,T1_S164_I192_1,303
A-G1,G2,T1_S164_I192_1,313
A-G1,G2,T1_S164_I192_1,333
A-G1,G2,T1_S164_I192_1,353
A-G1,G2,T1_S164_I192_1,373
A-G1,G2,T1_S164_I192_1,393
A-G1,G2,T1_S164_I192_1,413
A-G1,G2,T1_S164_I192_1,433
A-G1,G2,T1_S164_I192_1,453
A-G1,G2,T1_S164_I192_1,473
A-G1,G2,T1_S164_I192_1,493
A-G1,G2,T1_S164_I192_1,513
A-G1,G2,T1_S164_I192_1,533
A-G1,G2,T1_S164_I192_1,543
A-G1,G2,T1_S164_I192_1,563
A-G1,G2,T1_S164_I192_1,583
A-G1,G2,T1_S164_I192_1,603
A-G1,G2,T1_S164_I192_1,623
A-G1,G2,T1_S164_I192_1,643
A-G1,G2,T1_S164_I192_1,663
A-G1,G2,T1_S164_I192_1,683
A-G1,G2,T1_S164_I192_1,703
A-G1,G2,T1_S164_I192_1,723
A-G1,G2,T1_S164_I192_1,743
A-G1,G2,T1_S164_I192_1,763
A-G1,G2,T1_S164_I192_1,783
A-G1,G2,T1_S164_I192_1,793
A-G1,G2,T1_S164_I192_1,813
A-G1,G2,T1_S164_I192_1,833
A-G1,G2,T1_S164_I192_1,853
A-G1,G2,T1_S164_I192_1,873
A-G1,G2,T1_S164_I192_1,893
A-G1,G2,T1_S164_I192_1,913
A-G1,G2,T1_S164_I192_1,933
A-G1,G2,T1_S164_I192_1,953
A-G1,G2,T1_S164_I192_1,973
A-G1,G2,T1_S164_I192_1,993
A-G1,G2,T1_S164_I192_1,1013
A-G1,G2,T1_S164_I193_1,11
A-G1,G2,T1_S164_I193_1,31
A-G1,G2,T1_S164_I193_1,51
A-G1,G2,T1_S164_I193_1,71
A-G1,G2,T1_S164_I193_1,124
A-G1,G2,T1_S164_I193_1,144
A-G1,G2,T1_S164_I193_1,164
A-G1,G2,T1_S164_I193_1,184
A-G1,G2,T1_S164_I193_1,204
A-G1,G2,T1_S164_I193_1,224
A-G1,G2,T1_S164_I193_1,244
A-G1,G2,T1_S164_I193_1,264
A-G1,G2,T1_S164_I193_1,284
A-G1,G2,T1_S164_I193_1,304
A-G1,G2,T1_S164_I193_1,324
A-G1,G2,T1_S164_I193_1,344
A-G1,G2,T1_S164_I193_1,364
A-G1,G2,T1_S164_I193_1,384
A-G1,G2,T1_S164_I193_1,404
A-G1,G2,T1_S164_I193_1,424
A-G1,G2,T1_S164_I193_1,444
A-G1,G2,T1_S164_I193_1,464
A-G1,G2,T1_S164_I193_1,484
A-G1,G2,T1_S164_I193_1,504
A-G1,G2,T1_S164_I193_1,524
A-G1,G2,T1_S164_I193_1,544
A-G1,G2,T1_S164_I193_1,564
A-G1,G2,T1_S164_I193_1,584
A-G1,G2,T1_S164_I193_1,604
A-G1,G2,T1_S164_I193_1,624
A-G1,G2,T1_S164_I193_1,644
A-G1,G2,T1_S164_I193_1,664
A-G1,G2,T1_S164_I193_1,684
A-G1,G2,T1_S164_I193_1,704
A-G1,G2,T1_S164_I193_1,724
A-G1,G2,T1_S164_I193_1,744
A-G1,G2,T1_S164_I193_1,764
A-G1,G2,T1_S164_I193_1,784
A-G1,G2,T1_S164_I193_1,804
A-G1,G2,T1_S164_I193_1,824
A-G1,G2,T1_S164_I193_1,844
A-G1,G2,T1_S164_I193_1,864
A-G1,G2,T1_S164_I193_1,884
A-G1,G2,T1_S164_I193_1,904
A-G1,G2,T1_S164_I193_1,924
A-G1,G2,T1_S164_I193_1,944
A-G1,G2,T1_S164_I193_1,964
A-G1,G2,T1_S164_I193_1,984
A-G1,G2,T1_S164_I193_1,1004
A-G1,G2,T1_S164_I193_1,1024
A-G1,G3,T1_S164_I36_1,1
A-G1,G3,T1_S164_I36_1,41
A-G1,G3,T1_S164_I36_1,81
A-G1,G3,T1_S164_I36_1,121
A-G1,G3,T1_S164_I36_1,161
A-G1,G3,T1_S164_I36_1,201
A-G1,G3,T1_S164_I36_1,221
A-G1,G3,T1_S164_I36_1,261
A-G1,G3,T1_S164_I36_1,301
A-G1,G3,T1_S164_I36_1,341
A-G1,G3,T1_S164_I36_1,381
A-G1,G3,T1_S164_I36_1,401
A-G1,G3,T1_S164_I36_1,441
A-G1,G3,T1_S164_I36_1,481
A-G1,G3,T1_S164_I36_1,521
A-G1,G3,T1_S164_I36_1,561
A-G1,G3,T1_S164_I36_1,601
A-G1,G3,T1_S164_I36_1,621
A-G1,G3,T1_S164_I36_1,661
A-G1,G3,T1_S164_I36_1,701
A-G1,G3,T1_S164_I36_1,741
A-G1,G3,T1_S164_I36_1,781
A-G1,G3,T1_S164_I36_1,801
A-G1,G3,T1_S164_I36_1,841
A-G1,G3,T1_S164_I36_1,881
A-G1,G3,T1_S164_I36_1,921
A-G1,G3,T1_S164_I36_1,961
A-G1,G3,T1_S164_I36_1,1001
A-G1,G3,T1_S164_I36_1,1021
A-G1,G3,T1_S164_I36_1,1061
A-G1,G3,T1_S164_I36_1,1101
A-G1,G3,T1_S164_I36_1,1141
A-G1,G3,T1_S164_I36_1,1181
A-G1,G3,T1_S164_I36_1,1201
A-G1,G3,T1_S164_I36_1,1241
A-G1,G3,T1_S164_I36_1,1281
A-G1,G3,T1_S164_I36_1,1321
A-G1,G3,T1_S164_I36_1,1361
A-G1,G3,T1_S164_I36_1,1401
A-G1,G3,T1_S164_I36_1,1421
A-G1,G3,T1_S164_I36_1,1461
A-G1,G3,T1_S164_I36_1,1501
A-G1,G3,T1_S164_I36_1,1541
A-G1,G3,T1_S164_I36_1,1581
A-G1,G3,T1_S164_I36_1,1601
A-G1,G3,T1_S164_I36_1,1641
A-G1,G3,T1_S164_I36_1,1681
A-G1,G3,T1_S164_I36_1,1721
A-G1,G3,T1_S164_I36_1,1761
A-G1,G3,T1_S164_I36_1,1801
A-G1,G3,T1_S179_I35_1,1
A-G1,G3,T1_S179_I35_1,41
A-G1,G3,T1_S179_I35_1,81
A-G1,G3,T1_S179_I35_1,121
A-G1,G3,T1_S179_I35_1,161
A-G1,G3,T1_S179_I35_1,201
A-G1,G3,T1_S179_I35_1,221
A-G1,G3,T1_S179_I35_1,261
A-G1,G3,T1_S179_I35_1,301
A-G1,G3,T1_S179_I35_1,341
A-G1,G3,T1_S179_I35_1,381
A-G1,G3,T1_S179_I35_1,401
A-G1,G3,T1_S179_I35_1,441
A-G1,G3,T1_S179_I35_1,481
A-G1,G3,T1_S179_I35_1,521
A-G1,G3,T1_S179_I35_1,561
A-G1,G3,T1_S179_I35_1,601
A-G1,G3,T1_S179_I35_1,621
A-G1,G3,T1_S179_I35_1,661
A-G1,G3,T1_S179_I35_1,701
A-G1,G3,T1_S179_I35_1,741
A-G1,G3,T1_S179_I35_1,781
A-G1,G3,T1_S179_I35_1,801
A-G1,G3,T1_S179_I35_1,841
A-G1,G3,T1_S179_I35_1,881
A-G1,G3,T1_S179_I35_1,921
A-G1,G3,T1_S179_I35_1,961
A-G1,G3,T1_S179_I35_1,1001
A-G1,G3,T1_S179_I35_1,1021
A-G1,G3,T1_S179_I35_1,1061
A-G1,G3,T1_S179_I35_1,1101
A-G1,G3,T1_S179_I35_1,1141
A-G1,G3,T1_S179_I35_1,1181
A-G1,G3,T1_S179_I35_1,1201
A-G1,G3,T1_S179_I35_1,1241
A-G1,G3,T1_S179_I35_1,1281
A-G1,G3,T1_S179_I35_1,1321
A-G1,G3,T1_S179_I35_1,1361
A-G1,G3,T1_S179_I35_1,1401
A-G1,G3,T1_S179_I35_1,1421
A-G1,G3,T1_S179_I35_1,1461
A-G1,G3,T1_S179_I35_1,1501
A-G1,G3,T1_S179_I35_1,1541
A-G1,G3,T1_S179_I35_1,1581
A-G1,G3,T1_S179_I35_1,1601
A-G1,G3,T1_S179_I35_1,1641
A-G1,G3,T1_S179_I35_1,1681
A-G1,G3,T1_S179_I35_1,1721
A-G1,G3,T1_S179_I35_1,1761
A-G1,G3,T1_S179_I35_1,1801
A-G1,G4,T1_S478_I118_1,50
A-G1,G4,T1_S478_I118_1,134
A-G1,G4,T1_S478_I118_1,197
A-G1,G4,T1_S478_I118_1,336
A-G1,G4,T1_S478_I118_1,399
A-G1,G4,T1_S478_I118_1,540
A-G1,G4,T1_S478_I118_1,603
A-G1,G4,T1_S478_I118_1,687
A-G1,G4,T1_S478_I118_1,810
A-G1,G4,T1_S478_I118_1,979
A-G1,G4,T1_S478_I118_1,1063
A-G1,G4,T1_S478_I118_1,1126
A-G1,G4,T1_S478_I118_1,1210
A-G1,G4,T1_S478_I118_1,1417
A-G1,G4,T1_S478_I118_1,1501
A-G1,G4,T1_S478_I118_1,1564
A-G1,G4,T1_S478_I118_1,1648
A-G1,G4,T1_S478_I118_1,1711
A-G1,G4,T1_S478_I118_1,1861
A-G1,G4,T1_S478_I118_1,1924
A-G1,G4,T1_S478_I118_1,2008
A-G1,G4,T1_S478_I118_1,2129
A-G1,G4,T1_S478_I118_1,2213
A-G1,G4,T1_S478_I118_1,2276
A-G1,G4,T1_S478_I118_1,2424
A-G1,G4,T1_S478_I118_1,2487
A-G1,G4,T1_S478_I118_1,2550
A-G1,G4,T1_S478_I118_1,2634
A-G1,G4,T1_S478_I118_1,2697
A-G1,G4,T1_S478_I118_1,2848
A-G1,G4,T1_S478_I118_1,2911
A-G1,G4,T1_S478_I118_1,3064
A-G1,G4,T1_S478_I118_1,3127
A-G1,G4,T1_S478_I118_1,3211
A-G1,G4,T1_S478_I118_2,102
A-G1,G4,T1_S478_I118_2,186
A-G1,G4,T1_S478_I118_2,270
A-G1,G4,T1_S478_I118_2,354
A-G1,G4,T1_S478_I118_2,438
A-G1,G4,T1_S478_I118_2,590
A-G1,G4,T1_S478_I118_2,674
A-G1,G4,T1_S478_I118_2,758
A-G1,G4,T1_S478_I118_2,842
A-G1,G4,T1_S478_I118_2,926
A-G1,G4,T1_S478_I118_2,1080
A-G1,G4,T1_S478_I118_2,1164
A-G1,G4,T1_S478_I118_2,1248
A-G1,G4,T1_S478_I118_2,1332
A-G1,G4,T1_S478_I118_2,1416
A-G1,G4,T1_S478_I118_2,1565
A-G1,G4,T1_S478_I118_2,1649
A-G1,G4,T1_S478_I118_2,1733
A-G1,G4,T1_S478_I118_2,1817
A-G1,G4,T1_S478_I118_2,1901
A-G1,G4,T1_S478_I118_2,2038
A-G1,G4,T1_S478_I118_2,2122
A-G1,G4,T1_S478_I118_2,2206
A-G1,G4,T1_S478_I118_2,2290
A-G1,G4,T1_S478_I118_2,2374
A-G1,G4,T1_S478_I118_2,2508
A-G1,G4,T1_S478_I118_2,2592
A-G1,G4,T1_S478_I118_2,2676
A-G1,G4,T1_S478_I118_2,2760
A-G1,G4,T1_S478_I118_2,2844
A-G1,G4,T1_S478_I118_2,2928
A-G1,G4,T1_S478_I118_2,3066
A-G1,G4,T1_S478_I118_2,3150
A-G1,G4,T1_S555_I117_1,250
A-G1,G4,T1_S555_I117_1,670
A-G1,G4,T1_S555_I117_1,1090
A-G1,G4,T1_S555_I117_1,1510
A-G1,G4,T1_S555_I117_1,2021
A-G1,G4,T1_S555_I117_1,2535
A-G1,G4,T1_S555_I117_1,3125
A-G1,G4,T1_S555_I117_1,3725
A-G1,G4,T1_S555_I117_1,4275
A-G1,G4,T1_S555_I117_1,4752
A-G1,G4,T1_S555_I117_1,5373
A-G1,G4,T1_S555_I117_1,5928
A-G1,G4,T1_S555_I117_1,6470
A-G1,G4,T1_S555_I117_1,7000
A-G1,G4,T1_S555_I117_1,7552
A-G1,G4,T1_S555_I117_1,8243
A-G1,G4,T1_S555_I117_1,8716
A-G1,G4,T1_S555_I117_1,9190
A-G1,G4,T1_S555_I117_1,9738
A-G1,G4,T1_S555_I117_1,10334
A-G1,G4,T1_S555_I117_1,10796
A-G1,G4,T1_S555_I117_1,11479
A-G1,G4,T1_S555_I117_1,12089
A-G1,G4,T1_S555_I117_1,12697
A-G1,G4,T1_S555_I117_1,13653
A-G1,G4,T1_S555_I117_1,14263
A-G1,G4,T1_S555_I117_1,14925
A-G1,G4,T1_S555_I117_1,15482
A-G1,G4,T1_S555_I117_1,16036
A-G1,G4,T1_S555_I117_1,16576
A-G1,G4,T1_S555_I117_1,17111
A-G1,G4,T1_S555_I117_1,17586
A-G1,G4,T1_S555_I117_1,18133
A-G4,G1,T1_S148_I108_1,46
A-G4,G1,T1_S148_I108_1,190
A-G4,G1,T1_S148_I108_1,410
A-G4,G1,T1_S148_I108_1,528
A-G4,G1,T1_S148_I108_1,707
A-G4,G1,T1_S148_I108_1,982
A-G4,G1,T1_S148_I108_1,1014
A-G4,G1,T1_S148_I108_1,1096
A-G4,G1,T1_S148_I108_1,1128
A-G4,G1,T1_S148_I108_1,1160
A-G4,G1,T1_S148_I108_1,1246
A-G4,G1,T1_S148_I108_1,1278
A-G4,G1,T1_S148_I108_1,1422
A-G4,G1,T1_S148_I108_1,1569
A-G4,G1,T1_S148_I108_1,1601
A-G4,G1,T1_S148_I108_1,1681
A-G4,G1,T1_S148_I108_1,1810
A-G4,G1,T1_S148_I108_1,1842
A-G4,G1,T1_S148_I108_1,1984
A-G4,G1,T1_S148_I108_1,2075
A-G4,G1,T1_S148_I108_1,2220
A-G4,G1,T1_S148_I108_1,2362
A-G4,G1,T1_S148_I108_1,2478
A-G4,G1,T1_S148_I108_1,2537
A-G4,G1,T1_S148_I108_1,2682
A-G4,G1,T1_S148_I108_1,2852
A-G4,G1,T1_S148_I108_1,2913
A-G4,G1,T1_S148_I108_1,3031
A-G4,G1,T1_S148_I108_1,3063
A-G4,G1,T1_S148_I108_1,3182
A-G4,G1,T1_S148_I108_1,3242
A-G4,G1,T1_S148_I108_2,93
A-G4,G1,T1_S148_I108_2,245
A-G4,G1,T1_S148_I108_2,406
A-G4,G1,T1_S148_I108_2,555
A-G4,G1,T1_S148_I108_2,702
A-G4,G1,T1_S148_I108_2,858
A-G4,G1,T1_S148_I108_2,1009
A-G4,G1,T1_S148_I108_2,1168
A-G4,G1,T1_S148_I108_2,1323
A-G4,G1,T1_S148_I108_2,1479
A-G4,G1,T1_S148_I108_2,1638
A-G4,G1,T1_S148_I108_2,1794
A-G4,G1,T1_S148_I108_2,1952
A-G4,G1,T1_S148_I108_2,2101
A-G4,G1,T1_S148_I108_2,2263
A-G4,G1,T1_S148_I108_2,2416
A-G4,G1,T1_S148_I108_2,2566
A-G4,G1,T1_S148_I108_2,2725
A-G4,G1,T1_S148_I108_2,2875
A-G4,G1,T1_S148_I108_2,3038
A-G4,G1,T1_S148_I108_2,3193
A-G4,G1,T1_S148_I108_2,3354
A-G4,G1,T1_S148_I108_2,3503
A-G4,G1,T1_S148_I108_2,3657
A-G4,G1,T1_S148_I108_2,3815
A-G4,G1,T1_S148_I108_2,3965
A-G4,G1,T1_S148_I108_2,4123
A-G4,G1,T1_S148_I108_2,4274
A-G4,G1,T1_S148_I108_2,4429
A-G4,G1,T1_S148_I108_2,4586
A-G4,G1,T1_S148_I108_2,4736
A-G4,G1,T1_S174_I108_1,1
A-G4,G1,T1_S174_I108_1,166
A-G4,G1,T1_S174_I108_1,225
A-G4,G1,T1_S174_I108_1,350
A-G4,G1,T1_S174_I108_1,409
A-G4,G1,T1_S174_I108_1,533
A-G4,G1,T1_S174_I108_1,592
A-G4,G1,T1_S174_I111_1,295
A-G4,G1,T1_S174_I111_1,897
A-G4,G1,T1_S174_I111_1,1499
A-G4,G1,T1_S174_I111_1,2101
A-G4,G1,T1_S174_I111_1,2696
A-G4,G1,T1_S174_I111_1,3298
A-G4,G1,T1_S174_I111_1,3900
A-G4,G1,T1_S174_I111_1,4502
A-G4,G1,T1_S174_I111_1,5097
A-G4,G1,T1_S174_I111_1,5699
A-G4,G1,T1_S174_I111_1,6301
A-G4,G1,T1_S174_I111_1,6903
A-G4,G1,T1_S174_I111_1,7498
A-G4,G1,T1_S174_I111_1,8100
A-G4,G1,T1_S174_I111_1,8702
A-G4,G1,T1_S174_I111_1,9304
A-G4,G1,T1_S174_I111_1,9899
A-G4,G1,T1_S174_I111_1,10501
A-G4,G1,T1_S174_I111_1,11127
A-G4,G1,T1_S174_I111_1,11722
A-G4,G1,T1_S174_I111_1,12324
A-G4,G1,T1_S174_I111_1,12926
A-G4,G1,T1_S174_I111_1,13528
A-G4,G1,T1_S174_I111_1,14123
A-G4,G1,T1_S174_I111_1,14725
A-G4,G1,T1_S174_I111_1,15327
A-G4,G1,T1_S174_I111_1,15929
A-G4,G1,T1_S174_I111_1,16524
A-G4,G1,T1_S174_I111_1,17126
A-G4,G1,T1_S174_I111_1,17728
A-G4,G1,T1_S174_I111_1,18330
A-G4,G2,T1_S164_I192_1,29
A-G4,G2,T1_S164_I192_1,49
A-G4,G2,T1_S164_I192_1,69
A-G4,G2,T1_S164_I192_1,89
A-G4,G2,T1_S164_I192_1,109
A-G4,G2,T1_S164_I192_1,129
A-G4,G2,T1_S164_I192_1,149
A-G4,G2,T1_S164_I192_1,169
A-G4,G2,T1_S164_I192_1,189
A-G4,G2,T1_S164_I192_1,209
A-G4,G2,T1_S164_I192_1,229
A-G4,G2,T1_S164_I192_1,283
A-G4,G2,T1_S164_I192_1,303
A-G4,G2,T1_S164_I192_1,313
A-G4,G2,T1_S164_I192_1,333
A-G4,G2,T1_S164_I192_1,353
A-G4,G2,T1_S164_I192_1,373
A-G4,G2,T1_S164_I192_1,393
A-G4,G2,T1_S164_I192_1,413
A-G4,G2,T1_S164_I192_1,433
A-G4,G2,T1_S164_I192_1,453
A-G4,G2,T1_S164_I192_1,473
A-G4,G2,T1_S164_I192_1,493
A-G4,G2,T1_S164_I192_1,513
A-G4,G2,T1_S164_I192_1,533
A-G4,G2,T1_S164_I192_1,543
A-G4,G2,T1_S164_I192_1,563
A-G4,G2,T1_S164_I192_1,583
A-G4,G2,T1_S164_I192_1,603
A-G4,G2,T1_S164_I192_1,623
A-G4,G2,T1_S164_I192_1,643
A-G4,G2,T1_S164_I192_1,663
A-G4,G2,T1_S164_I192_1,683
A-G4,G2,T1_S164_I192_1,703
A-G4,G2,T1_S164_I192_1,723
A-G4,G2,T1_S164_I192_1,743
A-G4,G2,T1_S164_I192_1,763
A-G4,G2,T1_S164_I192_1,783
A-G4,G2,T1_S164_I192_1,793
A-G4,G2,T1_S164_I192_1,813
A-G4,G2,T1_S164_I192_1,833
A-G4,G2,T1_S164_I192_1,853
A-G4,G2,T1_S164_I192_1,873
A-G4,G2,T1_S164_I192_1,893
A-G4,G2,T1_S164_I192_1,913
A-G4,G2,T1_S164_I192_1,933
A-G4,G2,T1_S164_I192_1,953
A-G4,G2,T1_S164_I192_1,973
A-G4,G2,T1_S164_I192_1,993
A-G4,G2,T1_S164_I192_1,1013
A-G4,G2,T1_S164_I193_1,11
A-G4,G2,T1_S164_I193_1,31
A-G4,G2,T1_S164_I193_1,51
A-G4,G2,T1_S164_I193_1,71
A-G4,G2,T1_S164_I193_1,124
A-G4,G2,T1_S164_I193_1,144
A-G4,G2,T1_S164_I193_1,164
A-G4,G2,T1_S164_I193_1,184
A-G4,G2,T1_S164_I193_1,204
A-G4,G2,T1_S164_I193_1,224
A-G4,G2,T1_S164_I193_1,244
A-G4,G2,T1_S164_I193_1,264
A-G4,G2,T1_S164_I193_1,284
A-G4,G2,T1_S164_I193_1,304
A-G4,G2,T1_S164_I193_1,324
A-G4,G2,T1_S164_I193_1,344
A-G4,G2,T1_S164_I193_1,364
A-G4,G2,T1_S164_I193_1,384
A-G4,G2,T1_S164_I193_1,404
A-G4,G2,T1_S164_I193_1,424
A-G4,G2,T1_S164_I193_1,444
A-G4,G2,T1_S164_I193_1,464
A-G4,G2,T1_S164_I193_1,484
A-G4,G2,T1_S164_I193_1,504
A-G4,G2,T1_S164_I193_1,524
A-G4,G2,T1_S164_I193_1,544
A-G4,G2,T1_S164_I193_1,564
A-G4,G2,T1_S164_I193_1,584
A-G4,G2,T1_S164_I193_1,604
A-G4,G2,T1_S164_I193_1,624
A-G4,G2,T1_S164_I193_1,644
A-G4,G2,T1_S164_I193_1,664
A-G4,G2,T1_S164_I193_1,684
A-G4,G2,T1_S164_I193_1,704
A-G4,G2,T1_S164_I193_1,724
A-G4,G2,T1_S164_I193_1,744
A-G4,G2,T1_S164_I193_1,764
A-G4,G2,T1_S164_I193_1,784
A-G4,G2,T1_S164_I193_1,804
A-G4,G2,T1_S164_I193_1,824
A-G4,G2,T1_S164_I193_1,844
A-G4,G2,T1_S164_I193_1,864
A-G4,G2,T1_S164_I193_1,884
A-G4,G2,T1_S164_I193_1,904
A-G4,G2,T1_S164_I193_1,924
A-G4,G2,T1_S164_I193_1,944
A-G4,G2,T1_S164_I193_1,964
A-G4,G2,T1_S164_I193_1,984
A-G4,G2,T1_S164_I193_1,1004
A-G4,G2,T1_S164_I193_1,1024
A-G4,G3,T1_S164_I36_1,1
A-G4,G3,T1_S164_I36_1,41
A-G4,G3,T1_S164_I36_1,81
A-G4,G3,T1_S164_I36_1,121
A-G4,G3,T1_S164_I36_1,161
A-G4,G3,T1_S164_I36_1,201
A-G4,G3,T1_S164_I36_1,221
A-G4,G3,T1_S164_I36_1,261
A-G4,G3,T1_S164_I36_1,301
A-G4,G3,T1_S164_I36_1,341
A-G4,G3,T1_S164_I36_1,381
A-G4,G3,T1_S164_I36_1,401
A-G4,G3,T1_S164_I36_1,441
A-G4,G3,T1_S164_I36_1,481
A-G4,G3,T1_S164_I36_1,521
A-G4,G3,T1_S164_I36_1,561
A-G4,G3,T1_S164_I36_1,601
A-G4,G3,T1_S164_I36_1,621
A-G4,G3,T1_S164_I36_1,661
A-G4,G3,T1_S164_I36_1,701
A-G4,G3,T1_S164_I36_1,741
A-G4,G3,T1_S164_I36_1,781
A-G4,G3,T1_S164_I36_1,801
A-G4,G3,T1_S164_I36_1,841
A-G4,G3,T1_S164_I36_1,881
A-G4,G3,T1_S164_I36_1,921
A-G4,G3,T1_S164_I36_1,961
A-G4,G3,T1_S164_I36_1,1001
A-G4,G3,T1_S164_I36_1,1021
A-G4,G3,T1_S164_I36_1,1061
A-G4,G3,T1_S164_I36_1,1101
A-G4,G3,T1_S164_I36_1,1141
A-G4,G3,T1_S164_I36_1,1181
A-G4,G3,T1_S164_I36_1,1201
A-G4,G3,T1_S164_I36_1,1241
A-G4,G3,T1_S164_I36_1,1281
A-G4,G3,T1_S164_I36_1,1321
A-G4,G3,T1_S164_I36_1,1361
A-G4,G3,T1_S164_I36_1,1401
A-G4,G3,T1_S164_I36_1,1421
A-G4,G3,T1_S164_I36_1,1461
A-G4,G3,T1_S164_I36_1,1501
A-G4,G3,T1_S164_I36_1,1541
A-G4,G3,T1_S164_I36_1,1581
A-G4,G3,T1_S164_I36_1,1601
A-G4,G3,T1_S164_I36_1,1641
A-G4,G3,T1_S164_I36_1,1681
A-G4,G3,T1_S164_I36_1,1721
A-G4,G3,T1_S164_I36_1,1761
A-G4,G3,T1_S164_I36_1,1801
A-G4,G3,T1_S179_I35_1,1
A-G4,G3,T1_S179_I35_1,41
A-G4,G3,T1_S179_I35_1,81
A-G4,G3,T1_S179_I35_1,121
A-G4,G3,T1_S179_I35_1,161
A-G4,G3,T1_S179_I35_1,201
A-G4,G3,T1_S179_I35_1,221
A-G4,G3,T1_S179_I35_1,261
A-G4,G3,T1_S179_I35_1,301
A-G4,G3,T1_S179_I35_1,341
A-G4,G3,T1_S179_I35_1,381
A-G4,G3,T1_S179_I35_1,401
A-G4,G3,T1_S179_I35_1,441
A-G4,G3,T1_S179_I35_1,481
A-G4,G3,T1_S179_I35_1,521
A-G4,G3,T1_S179_I35_1,561
A-G4,G3,T1_S179_I35_1,601
A-G4,G3,T1_S179_I35_1,621
A-G4,G3,T1_S179_I35_1,661
A-G4,G3,T1_S179_I35_1,701
A-G4,G3,T1_S179_I35_1,741
A-G4,G3,T1_S179_I35_1,781
A-G4,G3,T1_S179_I35_1,801
A-G4,G3,T1_S179_I35_1,841
A-G4,G3,T1_S179_I35_1,881
A-G4,G3,T1_S179_I35_1,921
A-G4,G3,T1_S179_I35_1,961
A-G4,G3,T1_S179_I35_1,1001
A-G4,G3,T1_S179_I35_1,1021
A-G4,G3,T1_S179_I35_1,1061
A-G4,G3,T1_S179_I35_1,1101
A-G4,G3,T1_S179_I35_1,1141
A-G4,G3,T1_S179_I35_1,1181
A-G4,G3,T1_S179_I35_1,1201
A-G4,G3,T1_S179_I35_1,1241
A-G4,G3,T1_S179_I35_1,1281
A-G4,G3,T1_S179_I35_1,1321
A-G4,G3,T1_S179_I35_1,1361
A-G4,G3,T1_S179_I35_1,1401
A-G4,G3,T1_S179_I35_1,1421
A-G4,G3,T1_S179_I35_1,1461
A-G4,G3,T1_S179_I35_1,1501
A-G4,G3,T1_S179_I35_1,1541
A-G4,G3,T1_S179_I35_1,1581
A-G4,G3,T1_S179_I35_1,1601
A-G4,G3,T1_S179_I35_1,1641
A-G4,G3,T1_S179_I35_1,1681
A-G4,G3,T1_S179_I35_1,1721
A-G4,G3,T1_S179_I35_1,1761
A-G4,G3,T1_S179_I35_1,1801
